co_colegia,no_colegia,lat,long,the_geom2
"11001",Vale do Jamari,-9.70883317599998,-62.9199850802033,010100002042120000FA233412C2754FC0BE7A9A2EEC6A23C0
"14002",Sul,0.623235447000024,-60.71136928661,01010000204212000037AF16260E5B4EC06156D2768BF1E33F
"11002",Café,-11.6234671754999,-61.0005840239238,01010000204212000094D3252313804EC0A4CDF116373F27C0
"11003",Central,-10.781623988,-62.5308779869721,010100002042120000141B54CFF3434FC03675F404319025C0
"11004",Madeira-Mamoré,-10.092976347,-64.7732504445983,010100002042120000B2CA6EEF7C3150C02C5583989A2F24C0
"11005",Zona da Mata,-12.2354024465,-61.91745956719,010100002042120000E23DAA506FF54EC0523B62AB867828C0
"11006",Cone Sul,-12.342004426,-60.4873013344764,010100002042120000CB6FDFE35F3E4EC09F8341341BAF28C0
"11007",Vale do Guaporé,-12.1953282804999,-63.7982230608702,010100002042120000DEAC5A2C2CE64FC05D768111026428C0
"12001",Alto Acre,-10.6643328394999,-69.0869675706481,010100002042120000C0EF6DE0904551C03D9F166F235425C0
"12002",Baixo Acre e Purus,-9.54860365350001,-69.0559436875889,0101000020421200002827D594944351C0537FFC93E21823C0
"12003",Juruá e Tarauacá/Envira,-8.556010601,-71.4398182007537,010100002042120000101B3DFB25DC51C0730CE76BAD1C21C0
"13001","Manaus, Entorno e Alto Rio Negro",-0.123954780999917,-66.028748014475,010100002042120000B07FE901D78150C01AD6932280BBBFBF
"13002",Rio Negro e Solimões,-3.15201122149995,-62.4852654865232,010100002042120000543FF12D1D3E4FC00FBDC7A8513709C0
"13003",Rio Madeira,-6.36850072399993,-60.8266462116625,010100002042120000EE39068BCF694EC03087F840587919C0
"13004",Médio Amazonas,-1.74435494299994,-58.607043569061,0101000020421200009C2E8A9AB34D4DC0A1CF8CBAE0E8FBBF
"13005",Baixo Amazonas,-3.54758528449995,-57.6455459433223,0101000020421200004051DD3FA1D24CC0C095C56474610CC0
"13006",Regional Purus,-7.17092624099994,-65.4010541531076,01010000204212000069E109DFAA5950C0E47DDC4907AF1CC0
"13007",Regional Juruá,-6.17764336899996,-68.0577429587111,01010000204212000046CF850FB20351C004D3B024E8B518C0
"13008",Triângulo,-2.74643487549993,-65.2779384657344,0101000020421200004F286BBEC95150C0A1ED16D9B2F805C0
"13009",Alto Solimões,-4.5736303105,-69.796896039899,010100002042120000646B3F58007351C00C5E7EBE654B12C0
"15002",Baixo Amazonas,-0.938621284499956,-55.4410733084332,010100002042120000FE6D151775B84BC0E03708812F09EEBF
"15003",Carajás,-5.31659541149998,-49.7528061427546,010100002042120000F2ADA1F35BE048C008D36996314415C0
"15007",Metropolitana II,-1.90972454399994,-48.1980715094644,010100002042120000A0B53F685A1948C07092CD523B8EFEBF
"15008",Metropolitana III,-2.34582870849995,-47.2883354968482,0101000020421200009A9E742DE8A447C0A83388D741C402C0
"15009",Rio Caetés,-1.50073679449996,-46.7198586082957,010100002042120000E62FAE53245C47C0D17FC4950403F8BF
"15010",Tapajós,-6.38324885549997,-56.7356357829782,01010000204212000050D43650295E4CC040685263728819C0
"15011",Tocantins,-2.43007879549997,-49.4822694910781,0101000020421200000405B601BBBD48C0F000CB26CD7003C0
"15012",Xingu,-5.57425165849992,-53.9848077418461,010100002042120000CE091A2E0EFE4AC044B973A0084C16C0
"15013",Marajó I,-0.537855231999941,-49.1284715041931,010100002042120000157D16C1719048C00083ED2C1C36E1BF
"15014",Marajó II,-1.90394153749996,-50.9973226758076,0101000020421200009413FA44A87F49C0B2EED0668B76FEBF
"16001",Área Central,1.17087237700008,-52.2059517936725,0101000020421200002130DDA05C1A4AC0121570ACE4BBF23F
"16002",Área Norte,2.68541115200009,-51.70040532828,0101000020421200001374BDE1A6D949C0883B91D7B87B0540
"16003",Área Sudoeste,0.619709292500076,-52.8062120221402,010100002042120000F45D9EF431674AC080150A95A8D4E33F
"17001",Médio Norte Araguaia,-7.44023125149993,-48.4590753170285,010100002042120000E484E0FAC23A48C03C7A2FFBCBC21DC0
"25005",5ª Região,-7.74048219199997,-36.7767499141121,01010000204212000028248B8A6C6342C01CA4B7F640F61EC0
"25006",6ª Região,-7.03468698699994,-37.2830905424472,01010000204212000012CF964F3CA442C0D00B4BFC84231CC0
"25007",7ª Região,-7.35069097549995,-38.0795340556118,010100002042120000B4E2032C2E0A43C03219FB881B671DC0
"25011",11ª Região,-7.57105135199994,-37.9059395808079,01010000204212000060DC03D4F5F342C090B484AFC1481EC0
"25012",12ª Região,-7.26369421849996,-35.3813122391612,0101000020421200008061E6D6CEB041C0066872DB050E1DC0
"27002",2ª Região de Saúde,-9.09189420999997,-35.476825262508,0101000020421200006E30369C08BD41C0824805C20C2F22C0
"27003",3ª Região de Saúde,-9.11888967449999,-35.9884134963755,010100002042120000CAED5C5584FE41C07D9E7F1BDF3C22C0
"27004",4ª Região de Saúde,-9.39252446299995,-36.2602569457063,010100002042120000C42E7F19502142C0F1ED66F7F8C822C0
"27005",5ª Região de Saúde,-9.81634424749994,-36.368441455158,0101000020421200007432F016292F42C075948ADFF7A123C0
"27006",6ª Região de Saúde,-10.1524212214999,-36.500586544419,010100002042120000728C4A38134042C0001E83270A4E24C0
"27007",7ª Região de Saúde,-9.75834314049995,-36.8062174368788,010100002042120000046E0A22326742C0BC2F578D458423C0
"27008",8ª Região de Saúde,-9.46192609849997,-36.7260063686008,01010000204212000006EAD4C6ED5C42C0D573DC9381EC22C0
"27009",9ª Região de Saúde,-9.39277216649992,-37.3387610752104,010100002042120000E497DD855CAB42C0E0CAF36E19C922C0
"25014",14ª Região,-6.72053417449998,-35.1387943643661,01010000204212000027E98303C49141C0DC82ECB5D3E11AC0
"25015",15ª Região,-7.55417076099998,-35.9849464453858,0101000020421200002D9FA1B912FE41C0D4933B8A78371EC0
"25016",16ª Região,-7.16383436399997,-36.4462632642798,01010000204212000073BE96271F3942C0045D0D32C4A71CC0
"26001",Afogados da Ingazeira,-7.63219761849996,-37.4696977111165,0101000020421200002920FA0D1FBC42C0064400D05E871EC0
"26002",Arcoverde,-8.60212987449996,-37.3288307073167,0101000020421200003CECE61F17AA42C004D8ED5D4A3421C0
"26003",Caruaru,-8.30022213749997,-36.2202487653051,01010000204212000028FC8D1C311C42C0F9314CB7B69920C0
"26004",Garanhuns,-8.96950362449994,-36.6126488320533,010100002042120000FECCE4466B4E42C0502971C762F021C0
"26005",Goiana,-7.55957051799996,-35.1810587283758,010100002042120000C183B2EE2C9741C06676CA0D003D1EC0
"26006",Limoeiro,-7.85332783949993,-35.4717494277128,01010000204212000078F7054962BC41C094ACEDC5CE691FC0
"26007",Ouricuri,-7.90922147999998,-40.0506758763505,01010000204212000094CF0F8C7C0644C0B8AEA5F40AA31FC0
"26008",Palmares,-8.58005829349993,-35.3841246288211,010100002042120000FE2FEFFE2AB141C028B69066FD2821C0
"26009",Petrolina,-8.83259437299997,-40.4281123167061,01010000204212000043A26762CC3644C0AEBC45CF49AA21C0
"26010",Recife,-8.14718280449994,-35.1740799679193,010100002042120000128D9C40489641C0B9B8678B5B4B20C0
"26011",Salgueiro,-8.20644448549995,-38.9290238291054,010100002042120000309BB940EA7643C0DA527317B36920C0
"26012",Serra Talhada,-8.30458066799996,-38.2278341732662,0101000020421200007B8B91AB291D43C0771B50FFF19B20C0
"27001",1ª Região de Saúde,-9.49690385349995,-35.7558105733353,01010000204212000016399F66BEE041C0CE13902E6AFE22C0
"29023",Seabra,-12.6215812615,-41.9815579110073,01010000204212000000748BB0A3FD44C0BFE52BE63F3E29C0
"31077",João Pinheiro,-17.5106474969999,-45.9882624302884,01010000204212000028FA20627FFE46C024665BCBB98231C0
"35121",Vale do Ribeira,-24.652891306,-48.0726677473163,01010000204212000047193F2D4D0948C0D51C77E223A738C0
"43008",Região 08 - Vale do Caí e Metropolitana,-29.6698774444999,-51.5361953481178,0101000020421200006F37960CA2C449C08F7494167DAB3DC0
"43009",Região 09 - Carbonífera/Costa Doce,-30.4943043819999,-51.8355409987395,010100002042120000D206E801F3EA49C092F562BB8A7E3EC0
"43010",Região 10 - Capital e Vale do Gravataí,-30.1037815854999,-50.9460855068919,01010000204212000000A97354197949C031A6136E911A3EC0
"43011",Região 11 - Sete Povos das Missões,-28.462550822,-55.0102854327491,01010000204212000030A4760851814BC04E3A0DBB69763CC0
"43012",Região 12 - Portal das Missões,-28.6645826554999,-53.4553688698099,0101000020421200009BB9F18649BA4AC06BDCC21622AA3CC0
"43013",Região 13 - Diversidade,-28.158380525,-53.747831983412,01010000204212000028D45BF5B8DF4AC0B83247A08B283CC0
"43014",Região 14 - Fronteira Noroeste,-27.7843105084999,-54.488360163683,01010000204212000004D8F995823E4BC094EACF92C8C83BC0
"43015",Região 15 - Caminho das Águas,-27.3706610384999,-53.5902179126199,010100002042120000A01BB4428CCB4AC033424EA4E35E3BC0
"43016",Região 16 - Alto Uruguai Gaúcho,-27.5885568914999,-52.309271194315,010100002042120000C696D03296274AC0E0D318AAAB963BC0
"43017",Região 17 - Planalto,-28.3368517114999,-52.3273378852864,01010000204212000003063435E6294AC0687EECE93B563CC0
"43018",Região 18 - Araucárias,-28.0862876025,-51.7133032180825,010100002042120000DFE514854DDB49C0A0C9BEF116163CC0
"43019",Região 19 - Botucaraí,-28.9392663899999,-52.6723298567048,010100002042120000F4559DE70E564AC01E481BC373F03CC0
"43020",Região 20 - Rota da Produção,-27.8262480115,-53.2014534702435,010100002042120000462E313AC9994AC002C75BFD84D33BC0
"43021",Região 21 - Sul,-32.101488585,-52.9407681525232,010100002042120000541A40176B784AC0FEBEF493FD0C40C0
"14001",Centro Norte,3.48920756450006,-61.9998450051715,010100002042120000EC23CFEBFAFF4EC058DED3A7E5E90B40
"17002",Bico do Papagaio,-5.94226982699997,-47.8313417090792,010100002042120000E225B66769EA47C0CCE3AB61E2C417C0
"17003",Sudeste,-12.2230653865,-47.1134017374795,01010000204212000058E4B8F2838E47C01BC657A0357228C0
"17004",Cerrado Tocantins Araguaia,-8.48956045799998,-48.4212125552402,010100002042120000EEB5024BEA3548C0A70C19ABA7FA20C0
"17005",Ilha do Bananal,-12.0284416475,-49.2727748982833,010100002042120000F0A5B149EAA248C0A6B653E78F0E28C0
"17006",Capim Dourado,-9.72726552749999,-47.7543720943488,0101000020421200001C1FC9438FE047C0C53DB0255C7423C0
"17007",Cantão,-10.062482271,-49.5316881945749,01010000204212000024AFD75B0EC448C09B0C1DADFD1F24C0
"17008",Amor Perfeito,-11.1130705045,-48.0743166523858,010100002042120000C8C54335830948C07CF08D60E43926C0
"21001",Açailândia,-4.47954967399995,-46.8834815965008,01010000204212000060CBC9EC157147C08C8CDA110FEB11C0
"21002",Bacabal,-4.30681090049996,-45.0504658422042,0101000020421200007EEA2AAA758646C088D0FEA22C3A11C0
"21003",Balsas,-8.25330048599993,-46.0848646082875,0101000020421200006297EED7DC0A47C079DCEE99B08120C0
"21004",Barra do Corda,-5.60961679299994,-45.6487260196247,0101000020421200001A2D477409D346C0CC1B74623F7016C0
"21005",Caxias,-4.50066435399994,-43.2909918745045,0101000020421200000A33C4383FA545C094CF0A28AE0012C0
"21006",Chapadinha,-3.42731616999999,-42.6806304467174,0101000020421200000EA802E61E5745C0889D79BD246B0BC0
"21007",Codó,-4.44463008699994,-44.0206016696614,01010000204212000026B85413A30246C0F0ED091C4DC711C0
"21008",Imperatriz,-6.45262820649997,-46.9462684334606,010100002042120000A479F3521F7947C074A8C0C47DCF19C0
"21009",Itapecuru Mirim,-3.49072510349995,-44.2919862443313,0101000020421200006E2425CE5F2546C039DE764801ED0BC0
"21010",Pedreiras,-4.81647247149999,-45.0412587861643,010100002042120000C89FC8F7478546C000B50C5C114413C0
"21011",Pinheiro,-2.27293647849991,-45.1609228166463,0101000020421200008C566D1E999446C01F570852F92E02C0
"21012",Presidente Dutra,-5.32268782549994,-44.3693909530293,0101000020421200007F59E733482F46C0C45B65AD6E4A15C0
"21014",Santa Inês,-4.04809586399995,-45.886944285258,0101000020421200004C47ED6387F146C080CFCB0A403110C0
"21016",São Luís,-2.45064360199994,-44.5280538335154,010100002042120000F3BC9C44974346C058EE6508EB9A03C0
"21017",Timon,-5.70050359199996,-43.3358722734962,0101000020421200005226D7DCFDAA45C0447B49D050CD16C0
"21019",Zé Doca,-2.56488970899995,-46.0651623542267,010100002042120000C62A723D570847C0980350E5E48404C0
"22002",Chapada das Mangabeiras,-9.32437821299992,-44.8798060411644,010100002042120000F1CFFE7B9D7046C03BBDB0E614A622C0
"22003",Cocais,-4.11088956349995,-41.8935146161912,0101000020421200000285DBAF5EF244C0C8CCA2088D7110C0
"22005",Planície Litorânea,-3.25510248649996,-41.7187974086669,0101000020421200004456B18D01DC44C0402A252C730A0AC0
"22006",Serra da Capivara,-8.84409107549993,-42.6458228299544,01010000204212000005D58E52AA5245C0403C98B42CB021C0
"22008",Vale do Canindé,-7.44441069849993,-41.9263549851639,01010000204212000001E2D6CC92F644C0EA32209913C71DC0
"22009",Vale do Rio Guaribas,-7.62152179399994,-41.1385090676812,010100002042120000EDF145AABA9144C084EC8B35707C1EC0
"22011",Vale dos Rios Piauí e Itaueiras,-7.61294815049994,-43.1092644506462,0101000020421200000212A560FC8D45C0E62912AEA8731EC0
"23001",1ª Região Fortaleza,-3.90825511699995,-38.4455433892713,01010000204212000046EFD690073943C0F7833F421B440FC0
"23003",3ª Região Maracanaú,-4.1095504484999,-38.7573067138506,010100002042120000C883286DEF6043C0E04626FE2D7010C0
"23004",4ª Região Baturité,-4.43508280899994,-38.8369574522364,010100002042120000DDBFFA6B216B43C084D30E5986BD11C0
"23006",6ª Região Itapipoca,-3.39045522299997,-39.6260341765044,010100002042120000DC214DE321D043C0B8B2EAFCA61F0BC0
"23007",7ª Região Aracati,-4.65591031999995,-37.7225159602957,0101000020421200006C272A677BDC42C0E40876F4A69F12C0
"23009",9ª Região Russas,-5.14435494649997,-38.4264869384886,010100002042120000627DBE1F973643C0C8EE78C8D19314C0
"23010",10ª Região Limoeiro do Norte,-5.59921629049996,-38.3261884074575,0101000020421200009E2EAF8AC02943C004B68BF4986516C0
"23012",12ª Região Acaraú,-3.07902646299989,-40.1512752762153,010100002042120000DA04FEFC5C1344C020D350A0D8A108C0
"23013",13ª Região Tianguá,-3.88561785399992,-41.0525672623197,01010000204212000068402886BA8644C090773DD0BE150FC0
"23015",15ª Região Crateús,-5.26330238649995,-40.480488229382,01010000204212000086A767A3803D44C074E70B249F0D15C0
"23016",16ª Região Camocim,-3.18042287399996,-40.9392703062321,01010000204212000072AF67023A7844C0C03D3A8C817109C0
"23018",18ª Região Iguatú,-6.20848814349997,-39.4841908374795,010100002042120000ACFF21F7F9BD43C09CBE77EA7DD518C0
"23019",19ª Região Brejo Santo,-7.35609999499994,-38.8287396455155,010100002042120000A0310524146A43C0A085227AA56C1DC0
"23021",21ª Região Juazeiro do Norte,-7.29039825549994,-39.2246133892793,0101000020421200005D99AC21C09C43C02EC008295E291DC0
"24001",1ª Região de Saúde - São José de Mipibu,-6.24590408549994,-35.3505499907178,01010000204212000078DF74D2DEAC41C040B3D447CEFB18C0
"24002",2ª Região de Saúde - Mossoró,-5.49342999349998,-37.5363169451109,01010000204212000063C59D08A6C442C0A8CA53B645F915C0
"24004",4ª Região de Saúde - Caicó,-6.34046966599998,-36.8968513089663,0101000020421200004CB11006CC7242C0F0FF8214A45C19C0
"24005",5ª Região de Saúde - Santa Cruz,-6.10752601899991,-35.9205793022556,010100002042120000F647E68AD5F541C0784BFC4C1B6E18C0
"24007",7ª Região de Saúde - Metropolitana,-5.83367628499994,-35.3257417309682,010100002042120000B9B9B0E7B1A941C0201A6E3CAF5517C0
"24008",8ª Região de Saúde - Açu,-5.50595905749996,-36.9328344296216,0101000020421200005EE75B1E677742C0284F94211A0616C0
"25002",2ª Região,-6.75921291799995,-35.6298921110784,010100002042120000908B004EA0D041C0C40A761C6F091BC0
"25008",8ª Região,-6.31156198249996,-37.5787571164509,010100002042120000F1BD93B614CA42C0980EB61A0A3F19C0
"25009",9ª Região,-6.85623080899998,-38.5205505057915,01010000204212000036252366A14243C01EEEE9C4C76C1BC0
"28001",Aracaju,-11.014090166,-37.2386893012165,010100002042120000A150FB5E8D9E42C07B5484D3360726C0
"28002",Estância,-11.2843318135,-37.6066556090701,010100002042120000127218E4A6CD42C0AC6380F0939126C0
"28004",Lagarto,-10.965919747,-37.8228573716406,0101000020421200000A3CEE6353E942C0D6D977088DEE25C0
"28005",Nossa Senhora da Glória,-9.95190917099991,-37.5325430520965,010100002042120000B53BE85E2AC442C0086A8CA360E723C0
"28007",Propriá,-10.326188355,-36.7983001363164,01010000204212000084EFE8B22E6642C0301FFA2802A724C0
"29001",Alagoinhas,-11.6608104,-38.2198163841013,010100002042120000806B7AF1221C43C088B6A1BD555227C0
"29003",Brumado,-13.6204488989999,-41.605600848606,010100002042120000A6981F5484CD44C08216647AAB3D2BC0
"29005",Cruz das Almas,-12.701220207,-39.0472334834133,010100002042120000AB442DBF0B8643C0E5B7C055066729C0
"29006",Feira de Santana,-12.0053020084999,-39.5143294693415,0101000020421200006E184D8CD5C143C08438E2F1B60228C0
"29008",Ibotirama,-11.7094693109999,-43.2373423270747,010100002042120000025FBE3B619E45C05785C08F3F6B27C0
"29009",Ilhéus,-15.0343881115,-39.0806587787334,010100002042120000CA65E006538A43C0EC868C519B112EC0
"29011",Itaberaba,-12.5711871569999,-40.5696585236413,010100002042120000A2760C92EA4844C0776B9EA4722429C0
"29012",Itabuna,-14.754618948,-39.5436415407554,0101000020421200005025C70B96C543C02B342D6A5D822DC0
"29014",Jacobina,-11.1708474845,-40.6762575798471,010100002042120000C08EBE9B8F5644C0F40F4D52795726C0
"29015",Jequié,-13.707027646,-40.3015662719009,01010000204212000013B23DB9992644C028E01187FF692BC0
"29018",Porto Seguro,-16.335156926,-39.5045100461937,010100002042120000E17302C993C043C0A03224D8CC5530C0
"29019",Ribeira do Pombal,-10.838204607,-38.410277283707,0101000020421200001CE84DF7833443C0BED77C2729AD25C0
"29021",Santa Maria da Vitória,-13.9080753175,-45.1769906948961,01010000204212000038238FA1A79646C02FEF7D3FEFD02BC0
"29024",Senhor do Bonfim,-10.472832949,-40.3608012796841,0101000020421200008A4C80BC2E2E44C038DA082917F224C0
"29025",Serrinha,-10.96494897,-39.0931128810746,010100002042120000A086751FEB8B43C0E9EA98CA0DEE25C0
"29027",Valença,-13.6769837805,-39.3591296248452,01010000204212000012DEA4F5F7AD43C0F7563A9E9D5A2BC0
"29028",Vitória da Conquista,-14.8391884029999,-41.182109259171,0101000020421200001E38305B4F9744C05E22341AAAAD2DC0
"31002",Guaxupé,-21.299988497,-46.6087799582577,010100002042120000A8966D80EC4D47C07ECACF0BCC4C35C0
"31003",Itajubá,-22.479134997,-45.4000599571183,0101000020421200009521282A35B346C0E87B5697A87A36C0
"31006",Poços de Caldas,-21.936029997,-46.3972627968294,0101000020421200006426E081D93247C0963071A99FEF35C0
"31007",Pouso Alegre,-22.3557849969999,-46.1816133849698,010100002042120000087B7E1B3F1747C0AD85BEB9145B36C0
"31009",São Sebastião do Paraíso,-21.019502497,-46.8977895967345,010100002042120000F654FEC4EA7247C01FCE9A1DFE0435C0
"31011",Três Pontas,-21.175543497,-45.4419945174065,010100002042120000D2A2BE4693B846C0F0A32A6BF02C35C0
"31012",Varginha,-21.7326099969999,-45.5609189294431,01010000204212000032D50431CCC746C05ED629548CBB35C0
"31015",São João Del Rei,-21.2554809969999,-44.3523131235922,010100002042120000D6E3AF98182D46C040DDDE33674135C0
"31016",Belo Horizonte/ Nova Lima/ Caeté ,-19.7284604965,-43.7146604231622,010100002042120000189D24FE79DB45C032E518637CBA33C0
"31018",Contagem,-19.9488259359999,-44.0396861619513,010100002042120000A6D7A76F140546C062B7AC41E6F233C0
"31019",Curvelo,-18.393549997,-44.5742873293885,010100002042120000901D493F824946C0AC744EB1BF6432C0
"31021",Itabira,-19.6385799969999,-43.3077461658928,0101000020421200004CFDF23964A745C09AFE8AFA79A333C0
"31022",Ouro Preto,-20.376929997,-43.5426078958333,010100002042120000DE93EF2C74C545C00FFFF97B7E6034C0
"31024",Sete Lagoas,-18.960948497,-45.247272296593,01010000204212000074895D9EA69F46C056C17FB800F632C0
"31026",Diamantina,-17.9855519969999,-43.2027358732741,0101000020421200001AB8C43FF39945C04C9FBB224DFC31C0
"31027",Turmalina/Minas Novas/Capelinha,-17.3740969969999,-42.4858535236412,010100002042120000B257C172303E45C087A51FD2C45F31C0
"31030",Formiga,-20.1714834969999,-45.9511557287485,0101000020421200005E308E78BFF946C01F6BAB57E62B34C0
"31031",Itaúna,-20.2752044969999,-44.4960204187999,0101000020421200006C72DA987D3F46C0A7534ACD734634C0
"31034",Caratinga,-19.6812599969999,-42.1690097363752,010100002042120000EC376D1CA21545C016301F0E67AE33C0
"31035",Coronel Fabriciano/Timóteo,-19.629254997,-42.7488635079051,01010000204212000061CF69C2DA5F45C099F500DB16A133C0
"31037",Ipatinga,-19.2212329969999,-42.4789464599807,01010000204212000073131B1E4E3D45C02CE9C6B9A23833C0
"31038",Mantena,-18.6538893544999,-41.2975789155406,010100002042120000F41CDF1017A644C0A2C7F04A65A732C0
"31041",Além  Paraíba,-21.782741497,-42.6563638788186,010100002042120000A0E648BB035445C03ED62ABF61C835C0
"31042",Carangola,-20.6635522364999,-42.1213735451009,0101000020421200006867172B890F45C06FF4328FDEA934C0
"31045",Muriaé,-21.0273264969999,-42.3558469943613,010100002042120000B894F1648C2D45C0CEED8ADEFE0635C0
"31046",Santos Dumont,-21.4445024959999,-43.4954208699845,010100002042120000742B79F369BF45C0654F63EACA7135C0
"31048",Ubá,-21.0740574965,-42.9480255916471,0101000020421200009AF20FE7587945C0B07D9D6EF51235C0
"31050",Coração de Jesus,-16.903315497,-44.4384775647482,010100002042120000C44F6808203846C0BB9535AF3FE730C0
"31051",Francisco Sá,-16.503248997,-43.1098198537806,0101000020421200003738B4930E8E45C016DC1FEDD48030C0
"31053",Januária,-15.183382997,-44.7515282172326,0101000020421200007E849D13326046C0C6834D60E45D2EC0
"31055",Pirapora,-17.302048497,-45.0688245580922,01010000204212000072153D3ECF8846C0C26BE00C534D31C0
"31058",Unaí,-16.1617409979999,-46.6086750674367,01010000204212000002448A10E94D47C009D5A8DB672930C0
"31059",Manhuaçu,-19.9844639969999,-41.7113543152395,01010000204212000040E97FA80DDB44C046341FD505FC33C0
"31061",Viçosa,-20.752637497,-42.8324211512062,010100002042120000F476BAC68C6A45C0B05BDBD9ACC034C0
"31062",Águas Formosas,-17.194374497,-40.8603914497112,0101000020421200004422994E216E44C094CAEB86C23131C0
"31065",Itaobim,-16.553371497,-41.7504098331377,0101000020421200002CF6ED6D0DE044C0462722C1A98D30C0
"31066",Nanuque,-17.6763499969999,-40.7334455374385,0101000020421200000A591A8BE15D44C0B4C3FD4525AD31C0
"31068",Pedra azul,-15.826604497,-41.2884944539483,0101000020421200007F64E262EDA444C0C5AE62B438A72FC0
"31070",Araxá,-19.5746599969999,-46.7836966211709,01010000204212000019F5BE2B506447C0246FE5EA1C9333C0
"31072",Uberaba,-19.6850129969999,-48.144827465807,0101000020421200000A9AD6B4891248C01A7303035DAF33C0
"31073",Ituiutaba,-19.131227997,-49.9774053690685,010100002042120000BC8A7F9E1BFD48C0366F7328982133C0
"31075",Uberlândia / Araguari,-18.9620709969999,-48.4383325641248,01010000204212000010D80D481B3848C07C8BEC484AF632C0
"31079",Conselheiro Lafaiete,-20.7227759969999,-43.5965663698504,01010000204212000058336C495CCC45C0D67205D907B934C0
"31080",Peçanha/São João Evangelista,-18.4125669969999,-42.6559393802694,010100002042120000343555D2F55345C010869FFD9D6932C0
"31082",São Gotardo,-19.061736497,-46.0761322788249,0101000020421200008EDCD7B3BE0947C09E958BF6CD0F33C0
"31083",Bocaiúva,-17.3879824969999,-43.855531679922,01010000204212000081FAE40F82ED45C0000928D2526331C0
"31085",Taiobeiras,-15.570508498,-42.2478772765217,010100002042120000860A4E71BA1F45C0FCFF99B019242FC0
"31086",Divinópolis,-20.215190997,-44.8545577351741,010100002042120000F38EDA25626D46C02A82D6C1163734C0
"31088",Oliveira/Santo Antônio do Amparo,-20.724464997,-44.7497443532608,010100002042120000D7CE7A9FF75F46C03036BD8976B934C0
"31090",Lima Duarte,-21.9500839964999,-43.9820325912782,010100002042120000B192733EB3FD45C0946B6DB438F335C0
"31091",Cassia,-20.481791997,-47.0526305730082,01010000204212000086EB3E99BC8647C0E09666B8567B34C0
"31093",Piumhi,-20.433572997,-46.0919017095468,010100002042120000A0796A6FC30B47C0308BD2A3FE6E34C0
"31094",Almenara/Jacinto,-16.3479784969999,-40.6787196173394,0101000020421200002DD0CF48E05644C07453681E155930C0
"31096",Itambacuri,-18.238405997,-41.7280005370051,01010000204212000026F4201F2FDD44C0FC48E82C083D32C0
"31097",Juiz de Fora,-21.750522996,-43.4239571046832,010100002042120000B0C2F53944B645C03CB76A4622C035C0
"31099",Teófilo Otoni / Malacacheta,-17.7675519969999,-41.731603229405,0101000020421200009DF8B32CA5DD44C01E18A5497EC431C0
"32004",Sul,-20.7497170549999,-41.2289124459126,010100002042120000C46BC6004D9D44C0627AF874EDBF34C0
"32005",Central Norte,-18.8616733505,-40.4549243672737,01010000204212000005CC2FF63A3A44C0683BEC9F96DC32C0
"33002",Baixada Litorânea,-22.67508209,-42.1575038112406,0101000020421200000A23BB15291445C048AA0A2ED2AC36C0
"33003",Centro-Sul,-22.2886295345,-43.364286582404,01010000204212000000E656F1A0AE45C046560BA0E34936C0
"33005",Metropolitana I,-22.775964056,-43.5465480824546,010100002042120000BEEA9D49F5C545C02E649394A5C636C0
"33006",Metropolitana II,-22.691830736,-42.6316189382323,010100002042120000F59EADE3D85045C0CB7CB1D11BB136C0
"33008",Norte,-21.8173343374999,-41.4861337867675,010100002042120000D7D2C5A139BE44C0C575B9D23CD135C0
"33009",Serrana,-22.2146539314999,-42.6065948628859,0101000020421200001C0285E6A44D45C002C05F8FF33636C0
"35012",Franco da Rocha,-23.3285985,-46.6841853420295,010100002042120000B035A262935747C0BC0303081F5437C0
"35013",Mananciais,-23.8135064999999,-46.8924587173638,010100002042120000C40D56163C7247C04B9544F641D037C0
"35015",Grande ABC,-23.7837594999999,-46.4829441057726,010100002042120000740BCA1CD13D47C0D76D6C76A4C837C0
"35016",São Paulo,-23.6823079999999,-46.7169858367786,01010000204212000065542031C65B47C085CCB1BCABAE37C0
"35022",Lagos do DRS II,-20.8322281909999,-51.2498677486521,0101000020421200009A6498AAFB9F49C068271FE80CD534C0
"35031",Central do DRS III,-21.7493289189999,-48.2025963187281,0101000020421200000E9D19ADEE1948C03E0D2105D4BF35C0
"35032",Centro Oeste do DRS III,-21.6491569954999,-48.8351657171381,01010000204212000096ECD0B5E66A48C04CA421272FA635C0
"35034",Coração do DRS III,-21.8979837834999,-47.7242953055253,0101000020421200004EF064B5B5DC47C07478E643E2E535C0
"35041",Baixada Santista,-24.0441726599999,-46.703983442001,010100002042120000F62822211C5A47C0BD1342E64E0B38C0
"35052",Sul - Barretos,-20.9550812719999,-48.5589389495716,010100002042120000766FBE4F8B4748C00943CC3480F434C0
"35061",Vale do Jurumirim,-23.237025838,-49.1440387186674,0101000020421200005E0459DC6F9248C05084AEB9AD3C37C0
"35063",Polo Cuesta,-22.9377584784999,-48.3359817516731,01010000204212000095BE3573012B48C02EB48CF010F036C0
"35064",Jaú,-22.2548939345,-48.3370327679855,010100002042120000C516C6E3232B48C04EA098BA404136C0
"35071",Bragança,-22.8920672544999,-46.5228987330225,010100002042120000C8B97E58EE4247C0E4E803855EE436C0
"35073",Jundiaí,-23.1908462024999,-46.8891850397143,0101000020421200002ED5BCD0D07147C0954DF64BDB3037C0
"35074",Circuito das Águas,-22.6442628165,-46.7591531167375,0101000020421200009C85E8ED2B6147C06EE56E68EEA436C0
"35082",Alta Anhanguera,-20.6107083644999,-48.0255110841547,0101000020421200009D107CF2430348C0BBEB2462579C34C0
"35083",Alta Mogiana,-20.2881470735,-47.8982125714423,010100002042120000B79929A1F8F247C0D41EB101C44934C0
"35092",Assis,-22.5578829879999,-50.5602865841073,0101000020421200006E908578B74749C05D74646BD18E36C0
"35093",Marília,-22.271246453,-49.8809641391233,010100002042120000E03DD36EC3F048C07CCA5468704536C0
"35095",Tupã,-21.8367300609999,-50.5007030657894,0101000020421200003E49BE09174049C02793F7F033D635C0
"35101",Araras,-22.1609391925,-47.3437306441816,01010000204212000052B2A15DFFAB47C0956E984F332936C0
"35103",Piracicaba,-22.7964900709999,-47.7701442289409,01010000204212000092400A1694E247C08A88F6C5E6CB36C0
"35104",Rio Claro,-22.2822336909999,-47.6969534286863,0101000020421200007E851BC535D947C092AC9877404836C0
"35112",Alta Sorocabana,-22.1862493654999,-51.3916255914599,01010000204212000069CC91C920B249C016B9D509AE2F36C0
"35113",Alto Capivari,-22.3726767955,-50.90177899367,0101000020421200002A047B7E6D7349C085A618BF675F36C0
"35132",Aquífero Guarani,-21.3454484254999,-47.7459458803665,0101000020421200004A6194277BDF47C016FAD94E6F5835C0
"35133",Vale das Cachoeiras,-21.0775383154999,-47.4082450580208,010100002042120000F679C25F41B447C05642118DD91335C0
"35142",Mantiqueira,-21.8747227079999,-46.8215670293459,0101000020421200009C41C11B296947C0A3EDCFD3EDDF35C0
"35151",Catanduva,-21.2422870914999,-49.0923658096954,01010000204212000088F491A4D28B48C0363CDE86063E35C0
"35152",Santa Fé do Sul,-20.203388823,-50.9288456536215,010100002042120000FFAA146AE47649C01F28374A113434C0
"35154",Fernandópolis,-20.1823860759999,-50.2439262080694,010100002042120000CE2557F9381F49C060AA97DAB02E34C0
"35155",São José do Rio Preto,-20.5489515995,-49.496986250303,01010000204212000075CED53E9DBF48C074F08E17888C34C0
"35157",Votuporanga,-20.4473780424999,-49.9215942268635,010100002042120000D747B4CCF6F548C05C7C0D5E877234C0
"35161",Itapetininga,-23.7183498944999,-48.0631618273534,0101000020421200004D6BCFAF150848C050F657C7E5B737C0
"35163",Sorocaba,-23.5059895,-47.393177229282,01010000204212000026A6A6A153B247C0939E2287888137C0
"35172",Circuito da Fé e Vale Histórico,-22.8637170885,-44.9298024260044,01010000204212000014B711C4037746C0881A28901CDD36C0
"35173",Litoral Norte,-23.5203234809999,-45.2399400587916,0101000020421200004CC1185BB69E46C0503C6EEB338537C0
"41001",1ª RS Paranaguá,-25.485076675,-48.6132577888101,0101000020421200006E7A313B7F4E48C0662D27FC2D7C39C0
"41002",2ª RS Metropolitana,-25.31823905,-49.3453946974002,010100002042120000D9C5B8E435AC48C05C0F481D785139C0
"41004",4ª RS Irati,-25.546520417,-50.8355720743968,010100002042120000167E9606F46A49C0759C15C3E88B39C0
"41005",5ª RS Guarapuava,-25.2378447389999,-51.7943670657623,010100002042120000F83BECD1ADE549C0C0878F64E33C39C0
"41007",7ª RS Pato Branco,-26.0829338064999,-52.3234669349875,010100002042120000E68D515D67294AC068A662263B153AC0
"41008",8ª RS Francisco Beltrão,-25.9342906155,-53.3607571606512,010100002042120000BB65674A2DAE4AC0388876AB2DEF39C0
"41010",10ª RS Cascavel,-24.8883413399999,-53.1658777854042,010100002042120000D8B8B77B3B954AC00CFC8A566AE338C0
"41011",11ª RS Campo Mourão,-24.2417417805,-52.6153841215443,0101000020421200005C412AE8C44E4AC0FC5211CAE23D38C0
"41013",13ª RS Cianorte,-23.6171520834999,-52.6994259186841,0101000020421200008E5CDBC986594AC05D4ACFADFD9D37C0
"41014",14ª RS Paranavaí,-22.993175509,-52.8289392419763,01010000204212000065545BAE1A6A4AC0CE570AC040FE36C0
"41016",16ª RS Apucarana,-23.7828073419999,-51.5603335438041,010100002042120000C3BE7202B9C749C05CF5DC0F66C837C0
"41017",17ª RS Londrina,-23.2908215624999,-51.1680125049982,010100002042120000A8240B6F819549C0ABE82B48734A37C0
"41019",19ª RS Jacarezinho,-23.490550328,-49.9584003208548,0101000020421200000C4699DCACFA48C052CDCFB4947D37C0
"41020",20ª RS Toledo,-24.53002448,-53.8884337419072,010100002042120000C0136532B8F14AC0E7AD2FAFAF8738C0
"41022",22ª RS Ivaiporã,-24.426868696,-51.5792078257632,010100002042120000BC9E667B23CA49C088015144476D38C0
"42001",Extremo Oeste,-26.7307605855,-53.3989854922507,010100002042120000CE65E4F411B34AC09FED2F2013BB3AC0
"42003",Xanxerê,-26.7177044989999,-52.1865893248103,010100002042120000E6EBB328E2174AC08D65677BBBB73AC0
"42005",Foz do Rio Itajaí,-26.924216727,-48.7434583977796,010100002042120000343310A5295F48C091E1A87799EC3AC0
"42006",Médio Vale do Itajaí,-26.8978284634999,-49.2006789912543,0101000020421200003C3764D9AF9948C071261016D8E53AC0
"42008",Meio Oeste,-27.1514362415,-51.5729668435861,01010000204212000088723FFA56C949C0E9AB8886C4263BC0
"42009",Alto Vale do Rio do Peixe,-26.9457015845,-50.8426301492198,010100002042120000EAC2024EDB6B49C0E733C17F19F23AC0
"42011",Nordeste,-26.2774629285,-48.7841386212204,01010000204212000002D682A75E6448C07CC27BCF07473AC0
"42012",Planalto Norte,-26.4235219989999,-50.2271254673123,010100002042120000F2188372121D49C05ED70EF06B6C3AC0
"42014",Extremo Sul Catarinense,-28.9825492865,-49.6641793687744,0101000020421200002AC85DD403D548C0B7399C5988FB3CC0
"42015",Carbonífera,-28.5041941559999,-49.4395892720782,010100002042120000C49F157644B848C0A6DA42DE12813CC0
"42016",Laguna,-28.3683853725,-48.9786322200902,010100002042120000B20C12D2437D48C04C36F7804E5E3CC0
"43001",Região 01 - Verdes Campos,-29.659339743,-53.754230677212,010100002042120000F8217EA18AE04AC05023497DCAA83DC0
"43003",Região 03 - Fronteira Oeste,-30.0904220484999,-56.0709590713927,010100002042120000397ED52F15094CC0FF243DE625173EC0
"43004",Região 04 - Belas Praias,-29.5294495054999,-50.0184383748616,010100002042120000CA824C305C0249C07201B7008A873DC0
"43006",Região 06 - Vale do Paranhana e Costa Serra,-29.2846640355,-50.4539731997627,010100002042120000DC1E37CB1B3A49C0DCD102BEDF483DC0
"43022",Região 22 - Pampa,-31.2168049094999,-54.2982421856703,010100002042120000EADEC8CC2C264BC01EEACB8680373FC0
"43024",Região 24 - Campos de Cima da Serra,-28.4300191209999,-50.8970894371475,0101000020421200006011A1D3D37249C07459ADBB156E3CC0
"43026",Região 26 - Uva Vale,-29.0669013155,-51.2666566344869,0101000020421200000231FACD21A249C0BA21D27120113DC0
"43027",Região 27 - Jacuí Centro,-30.0494912614999,-52.9435052196238,010100002042120000D8F16EC7C4784AC078949575AB0C3EC0
"43029",Região 29 - Vales e Montanhas,-29.2559707944999,-52.150175268007,0101000020421200000E6174F138134AC0BE1B4F4D87413DC0
"15001",Araguaia,-7.49406578299992,-51.2415252572393,0101000020421200001E80B44CEA9E49C0AA3A7061ECF91DC0
"15004",Lago de Tucuruí,-4.30456755899993,-49.9144800292173,010100002042120000B02A7DAE0DF548C01C4FE58EE03711C0
"29004",Camaçari,-12.5710253024999,-38.1878715293243,0101000020421200000A269D2C0C1843C0FED9AE6D5D2429C0
"29007",Guanambi,-14.1949158825,-43.0226730896701,010100002042120000F250A9F3E68245C0E39DB903CC632CC0
"29010",Irecê,-11.2273833184999,-42.2766102047427,0101000020421200000D8E93F6672345C0F13919966B7426C0
"29013",Itapetinga,-15.187744743,-40.3409912473988,01010000204212000066E6E799A52B44C08B5C361420602EC0
"31047",São João Nepomuceno / bicas,-21.6813724969999,-43.02561975,010100002042120000D8300A82478345C032028F6D6EAE35C0
"31049",Brasília de Minas/São Francisco,-16.062624998,-44.7680392767053,01010000204212000013BF6B1C4F6246C067521E31081030C0
"31052",Janaúba/Monte Azul,-15.4255849974999,-43.3428705742303,0101000020421200003B8AD72EE3AB45C066DCDB46E6D92EC0
"31057",Patos de Minas,-18.400215997,-46.2739107344869,0101000020421200007E52C7810F2347C06A733A8E746632C0
"31060",Ponte Nova,-20.265127497,-42.8585990038074,0101000020421200008FDD7892E66D45C09BE24865DF4334C0
"31064",Araçuaí,-16.876669497,-42.1550505657894,0101000020421200005EA56AB2D81345C0FE0383696DE030C0
"31067",Padre Paraíso,-17.2575594969999,-41.5547941236932,01010000204212000036A36C7E03C744C08E63506BEF4131C0
"31071",Frutal / Iturama,-19.825935497,-49.5961163929232,0101000020421200007B1BBE8A4DCC48C06F383C8270D333C0
"31074",Patrocínio / Monte Carmelo,-18.600400997,-47.3078592124741,01010000204212000098AC40EE67A747C0C29936E1B39932C0
"31076",Manga,-14.615387998,-44.3219813147676,010100002042120000C76C08AF362946C07E85BB22143B2DC0
"31078",Congonhas,-20.615355497,-44.1354860819882,010100002042120000F099A19B571146C05C0717F0879D34C0
"31081",Santa Maria do Suaçuí,-18.088782497,-42.3873356322282,0101000020421200006E7FC836943145C075122173BA1632C0
"31084",Montes Claros ,-16.689885997,-43.9211608976665,01010000204212000074EAAC99E8F545C05415635E9CB030C0
"31087",Lagoa da Prata/Sto Ant do Monte,-20.1230349969999,-45.376264978819,0101000020421200003254697329B046C0D460B8387F1F34C0
"31089",Campo Belo,-20.8502594969999,-45.3469079098253,0101000020421200002EB6777A67AC46C065BA3C9BAAD934C0
"31092",Passos,-20.790948497,-46.4754896203804,010100002042120000888F08D8DC3C47C06A6FC7997BCA34C0
"31095",Serro,-18.7649064969999,-43.4275462737317,010100002042120000269A17D6B9B645C0D11C85E9D0C332C0
"31098",salinas,-16.1726824979999,-42.2758956953106,010100002042120000AA3BD68C502345C0548091EB342C30C0
"50001",Campo Grande,-19.7645717685,-55.2284972305444,0101000020421200001E35B2653F9D4BC0F626B5F9BAC333C0
"50003",Dourados,-22.7017364725,-54.3929969897326,010100002042120000FF29B1B94D324BC038CC5F00A5B336C0
"50004",Três Lagoas,-20.429195804,-52.154350585729,0101000020421200008EE98EC2C1134AC0A6C2B5C6DF6D34C0
"51002",Baixada Cuiabana,-16.0919176724999,-56.1869089090147,0101000020421200004CC691A1EC174CC0CA4FA5EA871730C0
"51003",Araguaia Xingu,-10.6030608684999,-51.8050418774592,01010000204212000088CCBB9C0BE749C0C268E764C43425C0
"51005",Garças Araguaia,-15.2218314109999,-52.7961035860946,0101000020421200009240E9B8E6654AC0C6F0FEE293712EC0
"51006",Médio Araguaia,-13.1250622909999,-52.2972316466645,01010000204212000054E1C4AF0B264AC0749D232A08402AC0
"51008",Noroeste Matogrossense,-11.024719336,-59.3564835075199,010100002042120000412E6740A1AD4DC0C4654703A80C26C0
"51010",Norte Matogrossense,-10.7354277249999,-54.1308020692631,010100002042120000FADD481FBE104BC092E496FB897825C0
"51011",Oeste Matogrossense,-16.1560562204999,-58.2943772713437,010100002042120000AE8D8827AE254DC07062EB4CF32730C0
"51013",Sul Matogrossense,-14.9965725435,-54.1714756658748,010100002042120000F87E24EAF2154BC004D9A4C13EFE2DC0
"51014",Teles Pires,-12.604595603,-55.6019000506353,0101000020421200003D78940F0BCD4BC067610C8E8D3529C0
"51016",Vale dos Arinos,-11.2309707805,-57.1008610353261,0101000020421200004615B003E98C4CC0722859CD417626C0
"52001",Central,-16.440128373,-49.4181663880654,0101000020421200007E83E87986B548C09C13C840AC7030C0
"52003",Entorno Norte,-14.9491406734999,-47.3086827593542,010100002042120000FC21AAEA82A747C0A4F82FC4F5E52DC0
"52004",Entorno Sul,-16.506853137,-47.8607098987624,0101000020421200009843F1BD2BEE47C0394A8F20C18130C0
"52006",Nordeste I,-13.5017046509999,-47.6426897725988,010100002042120000886491A843D247C07897986EDF002BC0
"52007",Nordeste II,-14.058212657,-46.6171057116965,0101000020421200009EF4E851FD4E47C0640EA40CCE1D2CC0
"52009",Oeste I,-16.221959054,-51.5628493630342,0101000020421200003067AB720BC849C028FBFD4ED23830C0
"52010",Oeste II,-16.7538430459999,-50.331205761947,0101000020421200008DE74DF3642A49C0FEE29CDBFBC030C0
"52012",Rio Vermelho,-14.8781215724999,-50.7053519900117,01010000204212000064A258F9485A49C03D99972699C12DC0
"52014",Serra da Mesa,-14.3224592145,-48.631169051496,0101000020421200001836C125CA5048C07B24C95F19A52CC0
"52015",Sudoeste I,-18.2278412064999,-50.7903483783839,01010000204212000080CDBA222A6549C02E9922CD533A32C0
"52017",Sul,-18.0958666169999,-49.4266756630595,010100002042120000786BE14E9DB648C0F5CAF0B68A1832C0
"52018",São Patrício II,-15.291072472,-48.6580224737285,0101000020421200002E5996143A5448C0E602787307952EC0
"15006",Metropolitana I,-1.27706583749996,-48.3959909075271,010100002042120000CCAB7ED4AF3248C03F6B6E96DC6EF4BF
"21013",Rosário,-2.76398223599994,-43.4785071827619,0101000020421200007F6E2EB93FBD45C0F8C1F2B7A21C06C0
"21015",São João dos Patos,-6.51648793849997,-44.3012325115856,01010000204212000047E074C98E2646C01C8BD236E2101AC0
"21018",Viana,-3.05740946149995,-44.9302322951758,01010000204212000044BB12DA117746C078FC7C17937508C0
"22001",Carnaubais,-5.22155433749996,-41.4663188130554,01010000204212000090CAB955B0BB44C0A865E723DFE214C0
"22004",Entre Rios,-5.34246022699994,-42.4277923701612,01010000204212000010A97FE6C13645C0F494CCE4AD5E15C0
"22007",Tabuleiros do Alto Parnaíba,-8.14711254349998,-44.8488973081292,010100002042120000E709C0AAA86C46C0DF53D655524B20C0
"22010",Vale do Sambito,-6.23963069099993,-41.5789640728839,010100002042120000364CA77E1BCA44C0B4D973BF61F518C0
"23002",2ª Região Caucaia,-3.72235982599994,-38.9460651716134,0101000020421200006EFBDDA9187943C071E9A49664C70DC0
"23005",5ª Região Canindé,-4.69610372899996,-39.5139052014609,0101000020421200006EC248A5C7C143C0C4B67A6ACFC812C0
"23008",8ª Região Quixadá,-5.35893254849995,-39.2932885111169,01010000204212000015C5597A8AA543C0E41B95038C6F15C0
"23011",11ª Região Sobral,-3.95914479449999,-40.2699202784815,0101000020421200007E4D68BF8C2244C0870C241B54AC0FC0
"23014",14ª Região Tauá,-6.10890303899994,-40.374017734286,010100002042120000F47028D0DF2F44C050C23B47846F18C0
"23017",17ª Região Icó,-6.52142521349997,-38.9239440648407,0101000020421200007AE992CC437643C0342BBD7DF0151AC0
"23020",20ª Região Crato,-7.06905385599997,-39.9044526916041,010100002042120000FD9B151BC5F343C0F0BAD40DB6461CC0
"23022",22ª Região Cascavel,-4.34258408599995,-38.2223454636873,010100002042120000BD79EFD0751C43C0D4FFD55CCE5E11C0
"24003",3ª Região de Saúde - João Câmara,-5.47739704649999,-35.986720820865,010100002042120000D9F22BDE4CFE41C0A4B277C5DAE815C0
"24006",6ª Região de Saúde - Pau dos Ferros,-6.11016026449996,-38.0008216195174,0101000020421200007F7A3EEC1A0043C0546235DACD7018C0
"25001",1ª Região Mata Atlântica,-7.20776954999996,-34.978557985207,01010000204212000012DA5763417D41C0F86A798AC1D41CC0
"25003",3ª Região,-7.00523284649993,-35.7521375465668,010100002042120000904C0A0B46E041C0245462C25B051CC0
"27010",10ª Região de Saúde,-9.26703315399995,-37.8837260729175,010100002042120000D4E69AEF1DF142C04CC1CE91B88822C0
"28003",Itabaiana,-10.5340792054999,-37.5733098337356,010100002042120000532F753762C942C01B3162D4721125C0
"28006",Nossa Senhora do Socorro,-10.5825230119999,-37.0118015650263,0101000020421200002DEAB3B6828142C0106ACB74402A25C0
"29002",Barreiras,-11.7861297654999,-45.0087668275568,010100002042120000B0D27A451F8146C00078C2997F9227C0
"25010",10ª Região,-6.73285755549995,-38.19194204115,010100002042120000B9BB8A8E911843C0C8FE053672EE1AC0
"31023",João Monlevade,-19.811497673,-42.9999768859376,010100002042120000CEED1A3EFF7F45C0A950BE4FBECF33C0
"31025",Vespasiano,-19.593883496,-43.9817455232027,0101000020421200002F9359D6A9FD45C03EF4B0BF089833C0
"31028",Bom Despacho,-19.6356254969999,-45.5278437622873,010100002042120000F535686290C346C04E1E425AB8A233C0
"25004",4ª Região,-6.63849047849992,-36.2018602540374,010100002042120000FEB98A8ED61942C0B0DBAF72D08D1AC0
"31017",Betim,-20.0812219965,-44.3115428226354,010100002042120000E2429DA2E02746C0E3AEFAF6CA1434C0
"31020",Guanhães,-18.6146649969999,-43.0535917931154,010100002042120000E1618B18DC8645C04E1C6CAF5A9D32C0
"31032",Pará de Minas,-19.763452997,-44.7840630248334,010100002042120000CAD45C2D5C6446C0EA25D6A771C333C0
"31036",Governador Valadares,-18.827609997,-41.9948254176058,0101000020421200005CEC747056FF44C029F5AE3FDED332C0
"31040",Resplendor,-19.3982414969999,-41.36072558478,010100002042120000F2BA86412CAE44C05B869D27F36533C0
"31044",Leopoldina / Cataguases,-21.4561665125,-42.5845142136393,01010000204212000060D09B5CD14A45C0C1B71C54C77435C0
"25013",13ª Região,-6.76715162199995,-37.8275609528843,010100002042120000D50A6E84EDE942C0A440DE3190111BC0
"29016",Juazeiro,-9.71249433749995,-41.417276793088,010100002042120000B2D8715369B544C0814BCC0ECC6C23C0
"29017",Paulo Afonso,-9.44221649749997,-38.780223231989,0101000020421200006A7CD85ADE6343C0310765336AE222C0
"29020",Salvador,-12.7542995204999,-38.6403824700384,01010000204212000098DF820DF85143C017DFF78B338229C0
"29022",Santo Antônio de Jesus,-13.071823461,-39.2730594474687,010100002042120000FB5EAA9CF3A243C03129700BC6242AC0
"29026",Teixeira de Freitas,-17.5108515259999,-39.8397860532588,0101000020421200001231011C7EEB43C00D48652AC78231C0
"31001",Alfenas / Machado,-21.4613854964999,-45.9651352903722,0101000020421200009C2E9E8D89FB46C0DE50225C1D7635C0
"31004",Lavras,-21.2916449969999,-45.0105020072635,0101000020421200009DDE3821588146C022281C3FA94A35C0
"31008",São Lourenço,-22.0328585849999,-44.9454936737009,0101000020421200006A8FCBEF057946C0AAF7936B690836C0
"31010",Três Corações,-21.661325997,-45.1515608583695,0101000020421200008006A158669346C0011C19A94CA935C0
"31013",Barbacena,-21.2911114969999,-43.7455635869565,0101000020421200008588ABA06EDF45C0B71A7748864A35C0
"32002",Metropolitana,-20.1581980619999,-40.7766306090999,0101000020421200000694BDA1686344C086940EAB7F2834C0
"33001",Baia da Ilha Grande,-23.1557517124999,-44.2371042860515,010100002042120000982AE96E591E46C0B47B1F58DF2737C0
"33004",Médio Paraíba,-22.4915171949999,-44.2448714416404,010100002042120000F6C888F2571F46C046F22512D47D36C0
"33007",Noroeste,-21.3121629495,-41.9105931653125,0101000020421200003E7D1C518EF444C016203BE9E94F35C0
"35011",Alto do Tietê,-23.4768625,-46.1735921843275,0101000020421200009643C944381647C04D302AA9137A37C0
"35014",Rota dos Bandeirantes,-23.4646264999999,-46.9075646384019,0101000020421200009A78FC132B7447C0CF5A26C3F17637C0
"35021",Central do DRS II,-21.0353392554999,-50.6239767501986,010100002042120000A2C85B78DE4F49C01DA352FE0B0935C0
"35023",Consórcios do DRS II,-21.2993461454999,-50.1448370092507,010100002042120000BCFDE4048A1249C0151BF1F2A14C35C0
"35033",Norte do DRS III,-21.5053634189999,-48.4588680901526,0101000020421200001A318830BC3A48C012333D7F5F8135C0
"35051",Norte - Barretos,-20.5317633645,-48.7862261158907,0101000020421200008181AF0EA36448C0FEBCD3A4218834C0
"35062",Bauru,-22.24899123,-49.1123393901587,0101000020421200005E641B23618E48C032D7A5E3BD3F36C0
"35065",Lins,-21.6080907739999,-49.6803418917823,010100002042120000E2A66F7115D748C0405443D6AB9B35C0
"35072",Região Metropolitana de Campinas,-22.8495667759999,-47.1173060257004,010100002042120000E60044E2038F47C01DB04E357DD936C0
"35081",Três Colinas,-20.4126205224999,-47.4631239703952,010100002042120000A86B71A547BB47C0AECBA17FA16934C0
"35091",Adamantina,-21.622295366,-51.0732287160874,010100002042120000945CFE8E5F8949C0146CC5BF4E9F35C0
"35094",Ourinhos,-22.891087017,-49.7199954173228,010100002042120000EA5551CF28DC48C0B1E75B471EE436C0
"35102",Limeira,-22.5785326875,-47.3940144304645,010100002042120000A27F9A106FB247C0B77ADCB71A9436C0
"35111",Alta Paulista,-21.4126239999999,-51.6142779865839,010100002042120000EE833BA9A0CE49C05E8BF9B9A16935C0
"35114",Extremo Oeste Paulista,-21.8921669559999,-51.960164163,0101000020421200002C70C7A8E6FA49C07497BA0D65E435C0
"35115",Pontal do Paranapanema,-22.4134713379999,-52.347311595455,0101000020421200001F00D4B4742C4AC0098BF241D96936C0
"35131",Horizonte Verde,-21.1785956699999,-48.1643866429219,010100002042120000D69F1B9F0A1548C05ADB2172B82D35C0
"35141",Baixa Mogiana,-22.3262261194999,-46.8886366647373,0101000020421200006089A2D8BE7147C0645A128E835336C0
"35143",Rio Pardo,-21.6373625565,-46.8558221935749,010100002042120000284CE6948B6D47C0C4DC47312AA335C0
"35153",Jales,-20.210588549,-50.6293989995667,01010000204212000010A37B25905049C0EEDD9221E93534C0
"35156",José Bonifácio,-20.9785424145,-49.8444325382472,01010000204212000094B98B5D16EC48C0B90674C181FA34C0
"35162",Itapeva,-24.120681001,-48.9469894618484,010100002042120000D22560F3367948C01B8B38F3E41E38C0
"35171",Alto Vale do Paraíba,-23.236708092,-45.8837763851855,010100002042120000A2ACA7951FF146C0A2D6C9E6983C37C0
"35174",Vale do Paraíba/Região Serrana,-23.0755781425,-45.3867996212185,0101000020421200008A9E65A682B146C06E54D216591337C0
"41003",3ª RS Ponta Grossa,-24.8424033535,-49.9181970622959,01010000204212000010EC387B87F548C0B75205BFA7D738C0
"41006",6ª RS União da Vitória,-26.19177507,-51.2199517979309,0101000020421200009E676961279C49C081D6C52B18313AC0
"41009",9ª RS Foz do Iguaçu,-25.356673262,-54.1700767895618,010100002042120000067D8413C5154BC0C0A55BF04E5B39C0
"41012",12ª RS Umuarama,-23.723102142,-53.508890373224,0101000020421200008B1FDB5123C14AC0B08ED3381DB937C0
"41015",15ª RS Maringá,-23.1786200734999,-51.9434233227933,01010000204212000028D76E18C2F849C063178E0BBA2D37C0
"41018",18ª RS Cornélio Procópio,-23.4058499775,-50.5504050372478,0101000020421200003E4419AC734649C0DB71BCC8E56737C0
"41021",21ª RS Telêmaco Borba,-24.402264493,-50.6476248606088,0101000020421200001332165FE55249C0E7C649CEFA6638C0
"42002",Oeste,-26.9323190169999,-52.7737207822059,010100002042120000AAE7574809634AC01E748775ACEE3AC0
"42004",Alto Vale do Itajaí,-27.082566257,-49.9144357590242,010100002042120000A8A61F3B0CF548C06991ED0F23153BC0
"42007",Grande Florianópolis,-27.6260530464999,-48.9774580875605,0101000020421200003EA4BB581D7D48C04247300345A03BC0
"42010",Alto Uruguai Catarinense,-27.227369351,-52.0787218516899,010100002042120000893EC18E130A4AC054A8B6E0343A3BC0
"42013",Serra Catarinense,-27.949883175,-50.1444739566462,010100002042120000AD75631F7E1249C045A5338B2BF33BC0
"42017",vale do itapocú,-26.4945987435,-49.1304996042469,010100002042120000D6300636B49048C09BF9F3059E7E3AC0
"43002",Região 02 - Entre Rios,-29.3969901844999,-54.8151520440182,010100002042120000B429F5E656684BC09E421326A1653DC0
"43005",Região 05 - Bons Ventos,-30.585255773,-50.5360861946517,010100002042120000E1EEF0789E4449C083D48452D3953EC0
"43023",Região 23 - Caxias e Hortênsias,-29.1533832504999,-51.0670531340951,0101000020421200002C047532958849C0C6A6EC1F44273DC0
"43025",Região 25 - Vinhedos e Basalto,-28.936473946,-51.624810771701,0101000020421200007E52A3CCF9CF49C044A0ABC1BCEF3CC0
"43028",Região 28 - Vinte e Oito,-29.8314329869999,-52.47999012111,0101000020421200000249F850703D4AC0F6FACFCAD8D43DC0
"52008",Norte,-13.2909196135,-49.603035676851,010100002042120000B232E74530CD48C09B7E636AF3942AC0
"52011",Pirineus,-15.9761614144999,-48.7850158522494,010100002042120000562042667B6448C0E7C9CD6DCBF32FC0
"52013",São Patrício I,-14.8558469005,-49.7897567898389,010100002042120000751320C016E548C08B0FA09031B62DC0
"52016",Sudoeste II,-17.7907415465,-52.3090297520748,010100002042120000815373498E274AC048CEB9096ECA31C0
"53001",Distrito Federal,-15.775277001,-47.7805945348125,0101000020421200005F3A8F85EAE347C08C45691BF18C2FC0
"43007",Região 07 - Vale dos Sinos,-29.609271521,-51.0702875831728,0101000020421200006785FB2EFF8849C03814E937F99B3DC0
"43030",Região 30 - Vale da Luz,-29.5791143375,-51.8298303457839,010100002042120000602F7AE137EA49C0073554D640943DC0
"50002",Corumbá,-19.0604488154999,-56.7329436187985,0101000020421200009846B418D15D4CC071A7D592790F33C0
"51001",Alto Tapajós,-9.01615780249996,-57.8501198412769,0101000020421200008CFB19BAD0EC4CC009A0E2D5450822C0
"51004",Centro Norte,-13.614538026,-56.9016426922235,0101000020421200007BE3190769734CC0E9A267BAA43A2BC0
"51007",Médio Norte Matogrossense,-13.8905986409999,-58.2878662587554,010100002042120000F47C33CDD8244DC0DDE9898BFCC72BC0
"51009",Norte Araguaia Karajá,-11.771909475,-51.5047927633136,01010000204212000042D89C0C9DC049C0D831FDB7378B27C0
"51012",Sudoeste Matogrossense,-14.2458421065,-59.7718007021397,010100002042120000245C8B5DCAE24DC058CB3E04DF7D2CC0
"51015",Vale do Peixoto,-10.1056449189999,-54.1142305093697,01010000204212000062F9F61A9F0E4BC0C02F4017173624C0
"52002",Centro Sul,-17.0915901029999,-49.4252557037442,010100002042120000680266C76EB648C0A505F172721731C0
"52005",Estrada de Ferro,-17.701006448,-48.0773601314846,010100002042120000C65ED1EFE60948C0EC71982875B331C0
